file_path,raw_label,canonical_label,file_name,size_bytes
dataset/Resumes PDF/Python Developer/10.pdf,Python Developer,python_developer,10.pdf,341233
dataset/Resumes PDF/Python Developer/100.pdf,Python Developer,python_developer,100.pdf,438347
dataset/Resumes PDF/Python Developer/101.pdf,Python Developer,python_developer,101.pdf,404865
dataset/Resumes PDF/Python Developer/102.pdf,Python Developer,python_developer,102.pdf,409455
dataset/Resumes PDF/Python Developer/103.pdf,Python Developer,python_developer,103.pdf,407789
dataset/Resumes PDF/Python Developer/104.pdf,Python Developer,python_developer,104.pdf,323310
dataset/Resumes PDF/Python Developer/105.pdf,Python Developer,python_developer,105.pdf,834897
dataset/Resumes PDF/Python Developer/106.pdf,Python Developer,python_developer,106.pdf,390522
dataset/Resumes PDF/Python Developer/107.pdf,Python Developer,python_developer,107.pdf,319878
dataset/Resumes PDF/Python Developer/11.pdf,Python Developer,python_developer,11.pdf,541434
dataset/Resumes PDF/Python Developer/110.pdf,Python Developer,python_developer,110.pdf,611836
dataset/Resumes PDF/Python Developer/111.pdf,Python Developer,python_developer,111.pdf,956746
dataset/Resumes PDF/Python Developer/112.pdf,Python Developer,python_developer,112.pdf,614377
dataset/Resumes PDF/Python Developer/113.pdf,Python Developer,python_developer,113.pdf,395660
dataset/Resumes PDF/Python Developer/114.pdf,Python Developer,python_developer,114.pdf,890031
dataset/Resumes PDF/Python Developer/115.pdf,Python Developer,python_developer,115.pdf,408467
dataset/Resumes PDF/Python Developer/116.pdf,Python Developer,python_developer,116.pdf,348135
dataset/Resumes PDF/Python Developer/117.pdf,Python Developer,python_developer,117.pdf,329786
dataset/Resumes PDF/Python Developer/12.pdf,Python Developer,python_developer,12.pdf,467575
dataset/Resumes PDF/Python Developer/122.pdf,Python Developer,python_developer,122.pdf,861603
dataset/Resumes PDF/Python Developer/128.pdf,Python Developer,python_developer,128.pdf,312022
dataset/Resumes PDF/Python Developer/129.pdf,Python Developer,python_developer,129.pdf,432168
dataset/Resumes PDF/Python Developer/13.pdf,Python Developer,python_developer,13.pdf,771427
dataset/Resumes PDF/Python Developer/136.pdf,Python Developer,python_developer,136.pdf,406773
dataset/Resumes PDF/Python Developer/138.pdf,Python Developer,python_developer,138.pdf,502883
dataset/Resumes PDF/Python Developer/139.pdf,Python Developer,python_developer,139.pdf,346231
dataset/Resumes PDF/Python Developer/14.pdf,Python Developer,python_developer,14.pdf,463393
dataset/Resumes PDF/Python Developer/15.pdf,Python Developer,python_developer,15.pdf,307549
dataset/Resumes PDF/Python Developer/16.pdf,Python Developer,python_developer,16.pdf,463484
dataset/Resumes PDF/Python Developer/17.pdf,Python Developer,python_developer,17.pdf,710472
dataset/Resumes PDF/Python Developer/23.pdf,Python Developer,python_developer,23.pdf,284872
dataset/Resumes PDF/Python Developer/28.pdf,Python Developer,python_developer,28.pdf,348072
dataset/Resumes PDF/Python Developer/29.pdf,Python Developer,python_developer,29.pdf,415798
dataset/Resumes PDF/Python Developer/37.pdf,Python Developer,python_developer,37.pdf,0
dataset/Resumes PDF/Python Developer/38.pdf,Python Developer,python_developer,38.pdf,351861
dataset/Resumes PDF/Python Developer/39.pdf,Python Developer,python_developer,39.pdf,407991
dataset/Resumes PDF/Python Developer/48.pdf,Python Developer,python_developer,48.pdf,625146
dataset/Resumes PDF/Python Developer/49.pdf,Python Developer,python_developer,49.pdf,363331
dataset/Resumes PDF/Python Developer/58.pdf,Python Developer,python_developer,58.pdf,1068584
dataset/Resumes PDF/Python Developer/59.pdf,Python Developer,python_developer,59.pdf,311217
dataset/Resumes PDF/Python Developer/60.pdf,Python Developer,python_developer,60.pdf,399520
dataset/Resumes PDF/Python Developer/61.pdf,Python Developer,python_developer,61.pdf,609512
dataset/Resumes PDF/Python Developer/62.pdf,Python Developer,python_developer,62.pdf,536219
dataset/Resumes PDF/Python Developer/63.pdf,Python Developer,python_developer,63.pdf,452008
dataset/Resumes PDF/Python Developer/64.pdf,Python Developer,python_developer,64.pdf,363583
dataset/Resumes PDF/Python Developer/65.pdf,Python Developer,python_developer,65.pdf,482029
dataset/Resumes PDF/Python Developer/66.pdf,Python Developer,python_developer,66.pdf,385986
dataset/Resumes PDF/Python Developer/67.pdf,Python Developer,python_developer,67.pdf,979071
dataset/Resumes PDF/Python Developer/70.pdf,Python Developer,python_developer,70.pdf,300548
dataset/Resumes PDF/Python Developer/71.pdf,Python Developer,python_developer,71.pdf,812059
dataset/Resumes PDF/Python Developer/72.pdf,Python Developer,python_developer,72.pdf,533020
dataset/Resumes PDF/Python Developer/73.pdf,Python Developer,python_developer,73.pdf,516454
dataset/Resumes PDF/Python Developer/74.pdf,Python Developer,python_developer,74.pdf,997062
dataset/Resumes PDF/Python Developer/75.pdf,Python Developer,python_developer,75.pdf,878863
dataset/Resumes PDF/Python Developer/76.pdf,Python Developer,python_developer,76.pdf,641621
dataset/Resumes PDF/Python Developer/77.pdf,Python Developer,python_developer,77.pdf,886517
dataset/Resumes PDF/Python Developer/8.pdf,Python Developer,python_developer,8.pdf,356690
dataset/Resumes PDF/Python Developer/88.pdf,Python Developer,python_developer,88.pdf,328748
dataset/Resumes PDF/Python Developer/89.pdf,Python Developer,python_developer,89.pdf,982338
dataset/Resumes PDF/Python Developer/9.pdf,Python Developer,python_developer,9.pdf,219969
dataset/Resumes PDF/Python Developer/98.pdf,Python Developer,python_developer,98.pdf,346141
dataset/Resumes PDF/Python Developer/99.pdf,Python Developer,python_developer,99.pdf,535654
dataset/Resumes PDF/PythonDeveloper/09567c5893ce64a2.pdf,PythonDeveloper,python_developer,09567c5893ce64a2.pdf,75165
dataset/Resumes PDF/PythonDeveloper/096d7e0c0fbeea99.pdf,PythonDeveloper,python_developer,096d7e0c0fbeea99.pdf,108403
dataset/Resumes PDF/PythonDeveloper/0b01fefccbfd4dbd.pdf,PythonDeveloper,python_developer,0b01fefccbfd4dbd.pdf,101219
dataset/Resumes PDF/PythonDeveloper/0c629a3db3128eea.pdf,PythonDeveloper,python_developer,0c629a3db3128eea.pdf,136906
dataset/Resumes PDF/PythonDeveloper/12be996dcfe6ea96.pdf,PythonDeveloper,python_developer,12be996dcfe6ea96.pdf,196003
dataset/Resumes PDF/PythonDeveloper/133273598166869e.pdf,PythonDeveloper,python_developer,133273598166869e.pdf,482295
dataset/Resumes PDF/PythonDeveloper/13b8c4ad1820d76e.pdf,PythonDeveloper,python_developer,13b8c4ad1820d76e.pdf,104382
dataset/Resumes PDF/PythonDeveloper/1d4fe5e5c01905e4.pdf,PythonDeveloper,python_developer,1d4fe5e5c01905e4.pdf,111124
dataset/Resumes PDF/PythonDeveloper/1e06044f2eca0640.pdf,PythonDeveloper,python_developer,1e06044f2eca0640.pdf,461732
dataset/Resumes PDF/PythonDeveloper/245eb6cea7d0f565.pdf,PythonDeveloper,python_developer,245eb6cea7d0f565.pdf,155050
dataset/Resumes PDF/PythonDeveloper/27f69373b3a01184.pdf,PythonDeveloper,python_developer,27f69373b3a01184.pdf,97318
dataset/Resumes PDF/PythonDeveloper/2babcd2d895a1b52.pdf,PythonDeveloper,python_developer,2babcd2d895a1b52.pdf,133280
dataset/Resumes PDF/PythonDeveloper/33c70aca8911e9c6.pdf,PythonDeveloper,python_developer,33c70aca8911e9c6.pdf,226290
dataset/Resumes PDF/PythonDeveloper/3b36b980c197bec8.pdf,PythonDeveloper,python_developer,3b36b980c197bec8.pdf,76359
dataset/Resumes PDF/PythonDeveloper/3d14873102be95b1.pdf,PythonDeveloper,python_developer,3d14873102be95b1.pdf,84695
dataset/Resumes PDF/PythonDeveloper/52edbc602b5e3a72.pdf,PythonDeveloper,python_developer,52edbc602b5e3a72.pdf,84206
dataset/Resumes PDF/PythonDeveloper/59309c4a7b724c04.pdf,PythonDeveloper,python_developer,59309c4a7b724c04.pdf,194795
dataset/Resumes PDF/PythonDeveloper/5da674aa8baf9602.pdf,PythonDeveloper,python_developer,5da674aa8baf9602.pdf,190396
dataset/Resumes PDF/PythonDeveloper/5f909688f3197d9c.pdf,PythonDeveloper,python_developer,5f909688f3197d9c.pdf,84982
dataset/Resumes PDF/PythonDeveloper/6c4a1e4b115feca6.pdf,PythonDeveloper,python_developer,6c4a1e4b115feca6.pdf,90812
dataset/Resumes PDF/PythonDeveloper/73beb7b2b104260e.pdf,PythonDeveloper,python_developer,73beb7b2b104260e.pdf,324981
dataset/Resumes PDF/PythonDeveloper/81946e92df5ad15b.pdf,PythonDeveloper,python_developer,81946e92df5ad15b.pdf,383433
dataset/Resumes PDF/PythonDeveloper/83918918f322f863.pdf,PythonDeveloper,python_developer,83918918f322f863.pdf,333908
dataset/Resumes PDF/PythonDeveloper/9559a836a057e789.pdf,PythonDeveloper,python_developer,9559a836a057e789.pdf,464688
dataset/Resumes PDF/PythonDeveloper/989d6cebc38b2f9f.pdf,PythonDeveloper,python_developer,989d6cebc38b2f9f.pdf,114529
dataset/Resumes PDF/PythonDeveloper/9e51c0635ee2914d.pdf,PythonDeveloper,python_developer,9e51c0635ee2914d.pdf,82722
dataset/Resumes PDF/PythonDeveloper/a3ca4240f40db18f.pdf,PythonDeveloper,python_developer,a3ca4240f40db18f.pdf,37247
dataset/Resumes PDF/PythonDeveloper/aa350075bb268abe.pdf,PythonDeveloper,python_developer,aa350075bb268abe.pdf,17001
dataset/Resumes PDF/PythonDeveloper/add9e42370c42424.pdf,PythonDeveloper,python_developer,add9e42370c42424.pdf,315162
dataset/Resumes PDF/PythonDeveloper/b44b0e7c50f291fc.pdf,PythonDeveloper,python_developer,b44b0e7c50f291fc.pdf,145033
dataset/Resumes PDF/PythonDeveloper/b4ce8f44da7559a0.pdf,PythonDeveloper,python_developer,b4ce8f44da7559a0.pdf,82992
dataset/Resumes PDF/PythonDeveloper/b675409808b781ef.pdf,PythonDeveloper,python_developer,b675409808b781ef.pdf,157349
dataset/Resumes PDF/PythonDeveloper/b75ab134773df9f3.pdf,PythonDeveloper,python_developer,b75ab134773df9f3.pdf,193142
dataset/Resumes PDF/PythonDeveloper/c0f4a8689c73449b.pdf,PythonDeveloper,python_developer,c0f4a8689c73449b.pdf,177141
dataset/Resumes PDF/PythonDeveloper/c971a2728df47121.pdf,PythonDeveloper,python_developer,c971a2728df47121.pdf,610689
dataset/Resumes PDF/PythonDeveloper/ccb073b6f5b6c055.pdf,PythonDeveloper,python_developer,ccb073b6f5b6c055.pdf,378355
dataset/Resumes PDF/PythonDeveloper/cddb6c9624a0d330.pdf,PythonDeveloper,python_developer,cddb6c9624a0d330.pdf,303802
dataset/Resumes PDF/PythonDeveloper/d8f334b80b505d02.pdf,PythonDeveloper,python_developer,d8f334b80b505d02.pdf,107600
dataset/Resumes PDF/PythonDeveloper/db3ff99ceb02a3a1.pdf,PythonDeveloper,python_developer,db3ff99ceb02a3a1.pdf,156652
dataset/Resumes PDF/PythonDeveloper/e179bcdd60e8a459.pdf,PythonDeveloper,python_developer,e179bcdd60e8a459.pdf,481939
dataset/Resumes PDF/PythonDeveloper/e6e79471b6cb8ee6.pdf,PythonDeveloper,python_developer,e6e79471b6cb8ee6.pdf,83015
dataset/Resumes PDF/PythonDeveloper/eb0747b7bc20d1a1.pdf,PythonDeveloper,python_developer,eb0747b7bc20d1a1.pdf,113839
dataset/Resumes PDF/PythonDeveloper/ee3c3b3e2adaaea0.pdf,PythonDeveloper,python_developer,ee3c3b3e2adaaea0.pdf,89703
dataset/Resumes PDF/PythonDeveloper/f07639c18d09fab5.pdf,PythonDeveloper,python_developer,f07639c18d09fab5.pdf,33840
dataset/Resumes PDF/PythonDeveloper/f3a6819a89e7b323.pdf,PythonDeveloper,python_developer,f3a6819a89e7b323.pdf,121279
dataset/Resumes PDF/PythonDeveloper/f450f2231b00d4ff.pdf,PythonDeveloper,python_developer,f450f2231b00d4ff.pdf,79148
dataset/Resumes PDF/PythonDeveloper/f4991e4bf2a960ba.pdf,PythonDeveloper,python_developer,f4991e4bf2a960ba.pdf,65676
dataset/Resumes PDF/PythonDeveloper/f7ea5d5a5c7a6a08.pdf,PythonDeveloper,python_developer,f7ea5d5a5c7a6a08.pdf,353523
dataset/Resumes PDF/PythonDeveloper/f8b324b85061ff78.pdf,PythonDeveloper,python_developer,f8b324b85061ff78.pdf,294528
dataset/Resumes PDF/PythonDeveloper/fe14d2caf4c6f61d.pdf,PythonDeveloper,python_developer,fe14d2caf4c6f61d.pdf,37132
dataset/Resumes PDF/React/0bf2b665bd649340.pdf,React,react,0bf2b665bd649340.pdf,49928
dataset/Resumes PDF/React/1d2ae903897437bb.pdf,React,react,1d2ae903897437bb.pdf,150508
dataset/Resumes PDF/React/2144a62b22df6d3e.pdf,React,react,2144a62b22df6d3e.pdf,67563
dataset/Resumes PDF/React/2bc564efc074e0e3.pdf,React,react,2bc564efc074e0e3.pdf,173169
dataset/Resumes PDF/React/4094863af64f7135.pdf,React,react,4094863af64f7135.pdf,48373
dataset/Resumes PDF/React/427e879b5c43aabe.pdf,React,react,427e879b5c43aabe.pdf,300152
dataset/Resumes PDF/React/4320db1e1d3917d1.pdf,React,react,4320db1e1d3917d1.pdf,134198
dataset/Resumes PDF/React/440dd8625cf95cb2.pdf,React,react,440dd8625cf95cb2.pdf,135818
dataset/Resumes PDF/React/51add2385d68c820.pdf,React,react,51add2385d68c820.pdf,238385
dataset/Resumes PDF/React/601b3a12bc0a5465.pdf,React,react,601b3a12bc0a5465.pdf,204396
dataset/Resumes PDF/React/65721c533d9f6a0a.pdf,React,react,65721c533d9f6a0a.pdf,61595
dataset/Resumes PDF/React/68a339fb43e36c2b.pdf,React,react,68a339fb43e36c2b.pdf,171067
dataset/Resumes PDF/React/84d136f732964f44.pdf,React,react,84d136f732964f44.pdf,166322
dataset/Resumes PDF/React/8e7609c97f0f35d5.pdf,React,react,8e7609c97f0f35d5.pdf,58087
dataset/Resumes PDF/React/a35679647a5b386d.pdf,React,react,a35679647a5b386d.pdf,101327
dataset/Resumes PDF/React/a63e17378e08d803.pdf,React,react,a63e17378e08d803.pdf,72564
dataset/Resumes PDF/React/a8b5a616c4fcec58.pdf,React,react,a8b5a616c4fcec58.pdf,70412
dataset/Resumes PDF/React/a9ee7fdd9a8494be.pdf,React,react,a9ee7fdd9a8494be.pdf,251212
dataset/Resumes PDF/React/b28cc9ac4081f3fd.pdf,React,react,b28cc9ac4081f3fd.pdf,98569
dataset/Resumes PDF/React/c375b34b8c6b1f1f.pdf,React,react,c375b34b8c6b1f1f.pdf,133127
dataset/Resumes PDF/React Developer/10.pdf,React Developer,react_developer,10.pdf,0
dataset/Resumes PDF/React Developer/100.pdf,React Developer,react_developer,100.pdf,428205
dataset/Resumes PDF/React Developer/101.pdf,React Developer,react_developer,101.pdf,344255
dataset/Resumes PDF/React Developer/102.pdf,React Developer,react_developer,102.pdf,465198
dataset/Resumes PDF/React Developer/103.pdf,React Developer,react_developer,103.pdf,511965
dataset/Resumes PDF/React Developer/105.pdf,React Developer,react_developer,105.pdf,64417
dataset/Resumes PDF/React Developer/111.pdf,React Developer,react_developer,111.pdf,483115
dataset/Resumes PDF/React Developer/114.pdf,React Developer,react_developer,114.pdf,333869
dataset/Resumes PDF/React Developer/115.pdf,React Developer,react_developer,115.pdf,313847
dataset/Resumes PDF/React Developer/116.pdf,React Developer,react_developer,116.pdf,388662
dataset/Resumes PDF/React Developer/117.pdf,React Developer,react_developer,117.pdf,659918
dataset/Resumes PDF/React Developer/128.pdf,React Developer,react_developer,128.pdf,423899
dataset/Resumes PDF/React Developer/129.pdf,React Developer,react_developer,129.pdf,572830
dataset/Resumes PDF/React Developer/139.pdf,React Developer,react_developer,139.pdf,792096
dataset/Resumes PDF/React Developer/14.pdf,React Developer,react_developer,14.pdf,398189
dataset/Resumes PDF/React Developer/148.pdf,React Developer,react_developer,148.pdf,203760
dataset/Resumes PDF/React Developer/149.pdf,React Developer,react_developer,149.pdf,371334
dataset/Resumes PDF/React Developer/15.pdf,React Developer,react_developer,15.pdf,588393
dataset/Resumes PDF/React Developer/158.pdf,React Developer,react_developer,158.pdf,202224
dataset/Resumes PDF/React Developer/159.pdf,React Developer,react_developer,159.pdf,313357
dataset/Resumes PDF/React Developer/16.pdf,React Developer,react_developer,16.pdf,653416
dataset/Resumes PDF/React Developer/160.pdf,React Developer,react_developer,160.pdf,605276
dataset/Resumes PDF/React Developer/161.pdf,React Developer,react_developer,161.pdf,242862
dataset/Resumes PDF/React Developer/162.pdf,React Developer,react_developer,162.pdf,476740
dataset/Resumes PDF/React Developer/163.pdf,React Developer,react_developer,163.pdf,491777
dataset/Resumes PDF/React Developer/164.pdf,React Developer,react_developer,164.pdf,336686
dataset/Resumes PDF/React Developer/165.pdf,React Developer,react_developer,165.pdf,508936
dataset/Resumes PDF/React Developer/166.pdf,React Developer,react_developer,166.pdf,546115
dataset/Resumes PDF/React Developer/167.pdf,React Developer,react_developer,167.pdf,414247
dataset/Resumes PDF/React Developer/17.pdf,React Developer,react_developer,17.pdf,466138
dataset/Resumes PDF/React Developer/170.pdf,React Developer,react_developer,170.pdf,548172
dataset/Resumes PDF/React Developer/171.pdf,React Developer,react_developer,171.pdf,312297
dataset/Resumes PDF/React Developer/172.pdf,React Developer,react_developer,172.pdf,348300
dataset/Resumes PDF/React Developer/173.pdf,React Developer,react_developer,173.pdf,283414
dataset/Resumes PDF/React Developer/174.pdf,React Developer,react_developer,174.pdf,653642
dataset/Resumes PDF/React Developer/175.pdf,React Developer,react_developer,175.pdf,328069
dataset/Resumes PDF/React Developer/176.pdf,React Developer,react_developer,176.pdf,621058
dataset/Resumes PDF/React Developer/177.pdf,React Developer,react_developer,177.pdf,413675
dataset/Resumes PDF/React Developer/188.pdf,React Developer,react_developer,188.pdf,509957
dataset/Resumes PDF/React Developer/189.pdf,React Developer,react_developer,189.pdf,355165
dataset/Resumes PDF/React Developer/198.pdf,React Developer,react_developer,198.pdf,360439
dataset/Resumes PDF/React Developer/199.pdf,React Developer,react_developer,199.pdf,562692
dataset/Resumes PDF/React Developer/28.pdf,React Developer,react_developer,28.pdf,330214
dataset/Resumes PDF/React Developer/29.pdf,React Developer,react_developer,29.pdf,507607
dataset/Resumes PDF/React Developer/48.pdf,React Developer,react_developer,48.pdf,589721
dataset/Resumes PDF/React Developer/49.pdf,React Developer,react_developer,49.pdf,641667
dataset/Resumes PDF/React Developer/58.pdf,React Developer,react_developer,58.pdf,438345
dataset/Resumes PDF/React Developer/59.pdf,React Developer,react_developer,59.pdf,372638
dataset/Resumes PDF/React Developer/60.pdf,React Developer,react_developer,60.pdf,404863
dataset/Resumes PDF/React Developer/61.pdf,React Developer,react_developer,61.pdf,409453
dataset/Resumes PDF/React Developer/62.pdf,React Developer,react_developer,62.pdf,407787
dataset/Resumes PDF/React Developer/63.pdf,React Developer,react_developer,63.pdf,323308
dataset/Resumes PDF/React Developer/64.pdf,React Developer,react_developer,64.pdf,834895
dataset/Resumes PDF/React Developer/65.pdf,React Developer,react_developer,65.pdf,390520
dataset/Resumes PDF/React Developer/66.pdf,React Developer,react_developer,66.pdf,462944
dataset/Resumes PDF/React Developer/67.pdf,React Developer,react_developer,67.pdf,324635
dataset/Resumes PDF/React Developer/70.pdf,React Developer,react_developer,70.pdf,614375
dataset/Resumes PDF/React Developer/71.pdf,React Developer,react_developer,71.pdf,395658
dataset/Resumes PDF/React Developer/72.pdf,React Developer,react_developer,72.pdf,890029
dataset/Resumes PDF/React Developer/73.pdf,React Developer,react_developer,73.pdf,408465
dataset/Resumes PDF/React Developer/74.pdf,React Developer,react_developer,74.pdf,348133
dataset/Resumes PDF/React Developer/75.pdf,React Developer,react_developer,75.pdf,329784
dataset/Resumes PDF/React Developer/76.pdf,React Developer,react_developer,76.pdf,396033
dataset/Resumes PDF/React Developer/77.pdf,React Developer,react_developer,77.pdf,232936
dataset/Resumes PDF/React Developer/8.pdf,React Developer,react_developer,8.pdf,653414
dataset/Resumes PDF/React Developer/88.pdf,React Developer,react_developer,88.pdf,502922
dataset/Resumes PDF/React Developer/89.pdf,React Developer,react_developer,89.pdf,435592
dataset/Resumes PDF/React Developer/9.pdf,React Developer,react_developer,9.pdf,385606
dataset/Resumes PDF/React Developer/98.pdf,React Developer,react_developer,98.pdf,676054
dataset/Resumes PDF/React Developer/99.pdf,React Developer,react_developer,99.pdf,879476
dataset/Resumes PDF/React Developer resumes/Image_1.pdf,React Developer resumes,react_developer,Image_1.pdf,145685
dataset/Resumes PDF/React Developer resumes/Image_10.pdf,React Developer resumes,react_developer,Image_10.pdf,103588
dataset/Resumes PDF/React Developer resumes/Image_12.pdf,React Developer resumes,react_developer,Image_12.pdf,58005
dataset/Resumes PDF/React Developer resumes/Image_13.pdf,React Developer resumes,react_developer,Image_13.pdf,154381
dataset/Resumes PDF/React Developer resumes/Image_14.pdf,React Developer resumes,react_developer,Image_14.pdf,213862
dataset/Resumes PDF/React Developer resumes/Image_23.pdf,React Developer resumes,react_developer,Image_23.pdf,237141
dataset/Resumes PDF/React Developer resumes/Image_30.pdf,React Developer resumes,react_developer,Image_30.pdf,217498
dataset/Resumes PDF/React Developer resumes/Image_34.pdf,React Developer resumes,react_developer,Image_34.pdf,156643
dataset/Resumes PDF/React Developer resumes/Image_36.pdf,React Developer resumes,react_developer,Image_36.pdf,227117
dataset/Resumes PDF/React Developer resumes/Image_40.pdf,React Developer resumes,react_developer,Image_40.pdf,58005
dataset/Resumes PDF/React Developer resumes/Image_5.pdf,React Developer resumes,react_developer,Image_5.pdf,266356
dataset/Resumes PDF/React Developer resumes/Image_50.pdf,React Developer resumes,react_developer,Image_50.pdf,82115
dataset/Resumes PDF/React Developer resumes/Image_54.pdf,React Developer resumes,react_developer,Image_54.pdf,55846
dataset/Resumes PDF/React Developer resumes/Image_59.pdf,React Developer resumes,react_developer,Image_59.pdf,261793
dataset/Resumes PDF/React Developer resumes/Image_66.pdf,React Developer resumes,react_developer,Image_66.pdf,101427
dataset/Resumes PDF/React Developer resumes/Image_71.pdf,React Developer resumes,react_developer,Image_71.pdf,620884
dataset/Resumes PDF/React Developer resumes/Image_74.pdf,React Developer resumes,react_developer,Image_74.pdf,84758
dataset/Resumes PDF/React Developer resumes/Image_82.pdf,React Developer resumes,react_developer,Image_82.pdf,544040
dataset/Resumes PDF/SAP Developer/10.pdf,SAP Developer,sap_developer,10.pdf,174817
dataset/Resumes PDF/SAP Developer/100.pdf,SAP Developer,sap_developer,100.pdf,509649
dataset/Resumes PDF/SAP Developer/101.pdf,SAP Developer,sap_developer,101.pdf,477575
dataset/Resumes PDF/SAP Developer/102.pdf,SAP Developer,sap_developer,102.pdf,180607
dataset/Resumes PDF/SAP Developer/103.pdf,SAP Developer,sap_developer,103.pdf,327785
dataset/Resumes PDF/SAP Developer/104.pdf,SAP Developer,sap_developer,104.pdf,496220
dataset/Resumes PDF/SAP Developer/105.pdf,SAP Developer,sap_developer,105.pdf,416615
dataset/Resumes PDF/SAP Developer/106.pdf,SAP Developer,sap_developer,106.pdf,306278
dataset/Resumes PDF/SAP Developer/107.pdf,SAP Developer,sap_developer,107.pdf,360058
dataset/Resumes PDF/SAP Developer/109.pdf,SAP Developer,sap_developer,109.pdf,590502
dataset/Resumes PDF/SAP Developer/11.pdf,SAP Developer,sap_developer,11.pdf,465801
dataset/Resumes PDF/SAP Developer/110.pdf,SAP Developer,sap_developer,110.pdf,311007
dataset/Resumes PDF/SAP Developer/111.pdf,SAP Developer,sap_developer,111.pdf,348705
dataset/Resumes PDF/SAP Developer/112.pdf,SAP Developer,sap_developer,112.pdf,268633
dataset/Resumes PDF/SAP Developer/113.pdf,SAP Developer,sap_developer,113.pdf,674030
dataset/Resumes PDF/SAP Developer/114.pdf,SAP Developer,sap_developer,114.pdf,430961
dataset/Resumes PDF/SAP Developer/115.pdf,SAP Developer,sap_developer,115.pdf,566414
dataset/Resumes PDF/SAP Developer/116.pdf,SAP Developer,sap_developer,116.pdf,224551
dataset/Resumes PDF/SAP Developer/117.pdf,SAP Developer,sap_developer,117.pdf,377092
dataset/Resumes PDF/SAP Developer/12.pdf,SAP Developer,sap_developer,12.pdf,183107
dataset/Resumes PDF/SAP Developer/121.pdf,SAP Developer,sap_developer,121.pdf,131527
dataset/Resumes PDF/SAP Developer/122.pdf,SAP Developer,sap_developer,122.pdf,527953
dataset/Resumes PDF/SAP Developer/123.pdf,SAP Developer,sap_developer,123.pdf,297838
dataset/Resumes PDF/SAP Developer/128.pdf,SAP Developer,sap_developer,128.pdf,378291
dataset/Resumes PDF/SAP Developer/129.pdf,SAP Developer,sap_developer,129.pdf,301804
dataset/Resumes PDF/SAP Developer/13.pdf,SAP Developer,sap_developer,13.pdf,342366
dataset/Resumes PDF/SAP Developer/135.pdf,SAP Developer,sap_developer,135.pdf,141156
dataset/Resumes PDF/SAP Developer/136.pdf,SAP Developer,sap_developer,136.pdf,363777
dataset/Resumes PDF/SAP Developer/137.pdf,SAP Developer,sap_developer,137.pdf,699288
dataset/Resumes PDF/SAP Developer/138.pdf,SAP Developer,sap_developer,138.pdf,335707
dataset/Resumes PDF/SAP Developer/139.pdf,SAP Developer,sap_developer,139.pdf,467933
dataset/Resumes PDF/SAP Developer/14.pdf,SAP Developer,sap_developer,14.pdf,441276
dataset/Resumes PDF/SAP Developer/148.pdf,SAP Developer,sap_developer,148.pdf,442953
dataset/Resumes PDF/SAP Developer/149.pdf,SAP Developer,sap_developer,149.pdf,492693
dataset/Resumes PDF/SAP Developer/15.pdf,SAP Developer,sap_developer,15.pdf,623908
dataset/Resumes PDF/SAP Developer/16.pdf,SAP Developer,sap_developer,16.pdf,1673673
dataset/Resumes PDF/SAP Developer/17.pdf,SAP Developer,sap_developer,17.pdf,142975
dataset/Resumes PDF/SAP Developer/20.pdf,SAP Developer,sap_developer,20.pdf,648452
dataset/Resumes PDF/SAP Developer/21.pdf,SAP Developer,sap_developer,21.pdf,458566
dataset/Resumes PDF/SAP Developer/22.pdf,SAP Developer,sap_developer,22.pdf,421353
dataset/Resumes PDF/SAP Developer/23.pdf,SAP Developer,sap_developer,23.pdf,169995
dataset/Resumes PDF/SAP Developer/28.pdf,SAP Developer,sap_developer,28.pdf,557077
dataset/Resumes PDF/SAP Developer/29.pdf,SAP Developer,sap_developer,29.pdf,348518
dataset/Resumes PDF/SAP Developer/34.pdf,SAP Developer,sap_developer,34.pdf,1006198
dataset/Resumes PDF/SAP Developer/36.pdf,SAP Developer,sap_developer,36.pdf,377515
dataset/Resumes PDF/SAP Developer/37.pdf,SAP Developer,sap_developer,37.pdf,166842
dataset/Resumes PDF/SAP Developer/38.pdf,SAP Developer,sap_developer,38.pdf,383976
dataset/Resumes PDF/SAP Developer/39.pdf,SAP Developer,sap_developer,39.pdf,538775
dataset/Resumes PDF/SAP Developer/48.pdf,SAP Developer,sap_developer,48.pdf,182285
dataset/Resumes PDF/SAP Developer/49.pdf,SAP Developer,sap_developer,49.pdf,368226
dataset/Resumes PDF/SAP Developer/58.pdf,SAP Developer,sap_developer,58.pdf,368056
dataset/Resumes PDF/SAP Developer/59.pdf,SAP Developer,sap_developer,59.pdf,274706
dataset/Resumes PDF/SAP Developer/60.pdf,SAP Developer,sap_developer,60.pdf,315812
dataset/Resumes PDF/SAP Developer/61.pdf,SAP Developer,sap_developer,61.pdf,282016
dataset/Resumes PDF/SAP Developer/62.pdf,SAP Developer,sap_developer,62.pdf,290077
dataset/Resumes PDF/SAP Developer/63.pdf,SAP Developer,sap_developer,63.pdf,1084402
dataset/Resumes PDF/SAP Developer/64.pdf,SAP Developer,sap_developer,64.pdf,383732
dataset/Resumes PDF/SAP Developer/65.pdf,SAP Developer,sap_developer,65.pdf,321663
dataset/Resumes PDF/SAP Developer/66.pdf,SAP Developer,sap_developer,66.pdf,139496
dataset/Resumes PDF/SAP Developer/67.pdf,SAP Developer,sap_developer,67.pdf,879426
dataset/Resumes PDF/SAP Developer/70.pdf,SAP Developer,sap_developer,70.pdf,375891
dataset/Resumes PDF/SAP Developer/71.pdf,SAP Developer,sap_developer,71.pdf,473149
dataset/Resumes PDF/SAP Developer/72.pdf,SAP Developer,sap_developer,72.pdf,131121
dataset/Resumes PDF/SAP Developer/73.pdf,SAP Developer,sap_developer,73.pdf,405339
dataset/Resumes PDF/SAP Developer/74.pdf,SAP Developer,sap_developer,74.pdf,681513
dataset/Resumes PDF/SAP Developer/75.pdf,SAP Developer,sap_developer,75.pdf,315789
dataset/Resumes PDF/SAP Developer/76.pdf,SAP Developer,sap_developer,76.pdf,256949
dataset/Resumes PDF/SAP Developer/77.pdf,SAP Developer,sap_developer,77.pdf,342084
dataset/Resumes PDF/SAP Developer/8.pdf,SAP Developer,sap_developer,8.pdf,816936
dataset/Resumes PDF/SAP Developer/88.pdf,SAP Developer,sap_developer,88.pdf,721209
dataset/Resumes PDF/SAP Developer/89.pdf,SAP Developer,sap_developer,89.pdf,405783
dataset/Resumes PDF/SAP Developer/9.pdf,SAP Developer,sap_developer,9.pdf,475074
dataset/Resumes PDF/SAP Developer/98.pdf,SAP Developer,sap_developer,98.pdf,469953
dataset/Resumes PDF/SAP Developer/99.pdf,SAP Developer,sap_developer,99.pdf,392154
